Clarendon,Manchester
Clarendon,St. Ann
Clarendon,Trelawny
Hanover,St. James
Kingston,St. Andrew
Manchester,St. Elizabeth
Manchester,Trelawny
Portland,St. Thomas
St. Andrew,Portland
St. Andrew,St. Catherine
St. Andrew,St. Mary
St. Andrew,St. Thomas
St. Ann,St. Mary
St. Catherine,Clarendon
St. Catherine,St. Ann
St. Catherine,St. Mary
St. Elizabeth,St. James
St. Elizabeth,Trelawny
St. Elizabeth,Westmoreland
St. James,Trelawny
St. Mary,Portland
Trelawny,St. Ann
Westmoreland,Hanover
Westmoreland,St. James